blogs,,md/blogs.md
books,,md/books.md
courses,,md/courses.md
github,,md/github.md
images,,md/images.md
learning,,md/learning.md
more-research,,md/more-research.md
more,,md/more.md
personal,,md/personal.md
research-papers,,md/research-papers.md
websites,,md/websites.md